{"fine": {"micro_auprc": 0.5852869634145552, "micro_f1": 0.42015371477369773, "macro_auprc": 0.36464219076847204, "class_auprc": {"engine": 0.48696937999563283, "machinery-impact": 0.266905247079667, "non-machinery-impact": 0.41022113415868683, "powered-saw": 0.24144391306220353, "alert-signal": 0.5442808929720812, "music": 0.09818030290664895, "human-voice": 0.8446515603514029, "dog": 0.024485095621453307}}, "coarse": {"micro_auprc": 0.7314017333425719, "micro_f1": 0.49087591240875916, "macro_auprc": 0.5012303442730884, "class_auprc": {"engine": 0.8055126251374908, "machinery-impact": 0.44597634469469855, "non-machinery-impact": 0.41022113415868683, "powered-saw": 0.5866362152439195, "alert-signal": 0.6592734133480573, "music": 0.15740673420348172, "human-voice": 0.9203311917769194, "dog": 0.024485095621453307}}}