{"fine": {"micro_auprc": 0.7034960391329892, "micro_f1": 0.6318051575931231, "macro_auprc": 0.5033067013847629, "class_auprc": {"engine": 0.6403417992665267, "machinery-impact": 0.48142297236361686, "non-machinery-impact": 0.5413958077634017, "powered-saw": 0.4527217788958008, "alert-signal": 0.7978652165629214, "music": 0.17642512849866143, "human-voice": 0.8724164977410719, "dog": 0.06386440998610234}}, "coarse": {"micro_auprc": 0.8226179985104901, "micro_f1": 0.7006960556844548, "macro_auprc": 0.6174219807232955, "class_auprc": {"engine": 0.8196202909950362, "machinery-impact": 0.6969602066273167, "non-machinery-impact": 0.5413958077634017, "powered-saw": 0.682954847510415, "alert-signal": 0.8861384276021081, "music": 0.2937514693388077, "human-voice": 0.9546903859631759, "dog": 0.06386440998610234}}}