{"fine": {"micro_auprc": 0.7003930036289746, "micro_f1": 0.6166902404526168, "macro_auprc": 0.49628384344721016, "class_auprc": {"engine": 0.6014193052440052, "machinery-impact": 0.4839945791551347, "non-machinery-impact": 0.5371461291035013, "powered-saw": 0.33493403473961253, "alert-signal": 0.8118495710736755, "music": 0.25304779701404406, "human-voice": 0.8755847362100572, "dog": 0.0722945950376506}}, "coarse": {"micro_auprc": 0.8396010464691436, "micro_f1": 0.7096273291925466, "macro_auprc": 0.624953824695183, "class_auprc": {"engine": 0.8368585982519333, "machinery-impact": 0.7110141047960911, "non-machinery-impact": 0.5371461291035013, "powered-saw": 0.6306402707895001, "alert-signal": 0.894550321683164, "music": 0.3674184537263828, "human-voice": 0.9497081241732405, "dog": 0.0722945950376506}}}