{"fine": {"micro_auprc": 0.6775552033368292, "micro_f1": 0.5440251572327044, "macro_auprc": 0.4520259517725531, "class_auprc": {"engine": 0.6095904093766509, "machinery-impact": 0.3769025383330655, "non-machinery-impact": 0.5300561001900899, "powered-saw": 0.29845921834943223, "alert-signal": 0.7347318355176704, "music": 0.16933249919075669, "human-voice": 0.8647298164627094, "dog": 0.03240519676004995}}, "coarse": {"micro_auprc": 0.8002777839727716, "micro_f1": 0.6101694915254238, "macro_auprc": 0.564253733242698, "class_auprc": {"engine": 0.822587670365863, "machinery-impact": 0.5593532093451302, "non-machinery-impact": 0.5300561001900899, "powered-saw": 0.5692820797189072, "alert-signal": 0.820715270222759, "music": 0.23963880579663205, "human-voice": 0.9399915335421528, "dog": 0.03240519676004995}}}