{"fine": {"micro_auprc": 0.7064402193961813, "micro_f1": 0.6273684210526317, "macro_auprc": 0.5044026222402794, "class_auprc": {"engine": 0.624464008875166, "machinery-impact": 0.4711839059627508, "non-machinery-impact": 0.5598474397827757, "powered-saw": 0.46080691453897726, "alert-signal": 0.8045899916740376, "music": 0.2052306649638679, "human-voice": 0.8753585037120196, "dog": 0.033739548412640596}}, "coarse": {"micro_auprc": 0.8304218249456184, "micro_f1": 0.6989247311827956, "macro_auprc": 0.6112521313885264, "class_auprc": {"engine": 0.8318032901805985, "machinery-impact": 0.6734004455570726, "non-machinery-impact": 0.5598474397827757, "powered-saw": 0.6161637969530473, "alert-signal": 0.9031252561135789, "music": 0.323724496883791, "human-voice": 0.9482127772247059, "dog": 0.033739548412640596}}}