{"fine": {"micro_auprc": 0.6953366975097401, "micro_f1": 0.5779816513761468, "macro_auprc": 0.4829138594527582, "class_auprc": {"engine": 0.5877744839019499, "machinery-impact": 0.47615583331623557, "non-machinery-impact": 0.497385518623411, "powered-saw": 0.3231816323981732, "alert-signal": 0.8069547931707809, "music": 0.24291571420758926, "human-voice": 0.8776425419388455, "dog": 0.05130035806508028}}, "coarse": {"micro_auprc": 0.826464168928145, "micro_f1": 0.6469135802469136, "macro_auprc": 0.603610707989249, "class_auprc": {"engine": 0.7984061133739713, "machinery-impact": 0.6938963342760194, "non-machinery-impact": 0.497385518623411, "powered-saw": 0.6173299824694818, "alert-signal": 0.8879567345020792, "music": 0.3346904979603458, "human-voice": 0.9479201246436038, "dog": 0.05130035806508028}}}