{"fine": {"micro_auprc": 0.6953047813582238, "micro_f1": 0.6005917159763313, "macro_auprc": 0.47845103358832275, "class_auprc": {"engine": 0.6273317338564806, "machinery-impact": 0.4603149236713401, "non-machinery-impact": 0.5539285639425618, "powered-saw": 0.2790763279537775, "alert-signal": 0.771672915528177, "music": 0.2095423827314514, "human-voice": 0.8687770498629159, "dog": 0.05696437115987794}}, "coarse": {"micro_auprc": 0.8176987059221661, "micro_f1": 0.6805444355484387, "macro_auprc": 0.5863294061087027, "class_auprc": {"engine": 0.8018017852779076, "machinery-impact": 0.62002751937219, "non-machinery-impact": 0.5539285639425618, "powered-saw": 0.5611200448846322, "alert-signal": 0.866178841642228, "music": 0.2873928054888669, "human-voice": 0.9432213171013568, "dog": 0.05696437115987794}}}