{"fine": {"micro_auprc": 0.6915634670177152, "micro_f1": 0.573820395738204, "macro_auprc": 0.48997470847119173, "class_auprc": {"engine": 0.5813241296085767, "machinery-impact": 0.5059588403793552, "non-machinery-impact": 0.5477818038830609, "powered-saw": 0.2979960168392317, "alert-signal": 0.7846508518481862, "music": 0.28434093729342885, "human-voice": 0.8688921214684517, "dog": 0.04885296644924247}}, "coarse": {"micro_auprc": 0.8318688074197751, "micro_f1": 0.6563011456628478, "macro_auprc": 0.6253272972415392, "class_auprc": {"engine": 0.8305054972114361, "machinery-impact": 0.6981229647047799, "non-machinery-impact": 0.5477818038830609, "powered-saw": 0.6196237427145534, "alert-signal": 0.8860496703717969, "music": 0.427633329558656, "human-voice": 0.9440484030387886, "dog": 0.04885296644924247}}}