{"fine": {"micro_auprc": 0.0, "micro_f1": 0.0, "macro_auprc": 0.0, "class_auprc": {"engine": 0.0, "machinery-impact": 0.0, "non-machinery-impact": 0.0, "powered-saw": 0.0, "alert-signal": 0.0, "music": 0.0, "human-voice": 0.0, "dog": 0.0}}, "coarse": {"micro_auprc": 0.8239193195457709, "micro_f1": 0.7503467406380027, "macro_auprc": 0.6218659616802527, "class_auprc": {"engine": 0.834097791868166, "machinery-impact": 0.6280054854798258, "non-machinery-impact": 0.49841527503689126, "powered-saw": 0.6839573914629195, "alert-signal": 0.8773025297740613, "music": 0.40596719114321245, "human-voice": 0.9463356744160888, "dog": 0.1008463542608568}}}