{"fine": {"micro_auprc": 0.0, "micro_f1": 0.0, "macro_auprc": 0.0, "class_auprc": {"engine": 0.0, "machinery-impact": 0.0, "non-machinery-impact": 0.0, "powered-saw": 0.0, "alert-signal": 0.0, "music": 0.0, "human-voice": 0.0, "dog": 0.0}}, "coarse": {"micro_auprc": 0.812389436235141, "micro_f1": 0.7315716272600834, "macro_auprc": 0.5809341691179214, "class_auprc": {"engine": 0.8526039985010346, "machinery-impact": 0.47998138761358844, "non-machinery-impact": 0.5198520220266696, "powered-saw": 0.6359061013163521, "alert-signal": 0.8434708181582837, "music": 0.31132918462845033, "human-voice": 0.9456590357956725, "dog": 0.05867080490332022}}}