{"fine": {"micro_auprc": 0.0, "micro_f1": 0.0, "macro_auprc": 0.0, "class_auprc": {"engine": 0.0, "machinery-impact": 0.0, "non-machinery-impact": 0.0, "powered-saw": 0.0, "alert-signal": 0.0, "music": 0.0, "human-voice": 0.0, "dog": 0.0}}, "coarse": {"micro_auprc": 0.7752399929391315, "micro_f1": 0.6990553306342779, "macro_auprc": 0.5407957495837473, "class_auprc": {"engine": 0.8476531034016184, "machinery-impact": 0.4273166221873408, "non-machinery-impact": 0.47470808763801353, "powered-saw": 0.6110361587903114, "alert-signal": 0.7828137640576918, "music": 0.22015544435967674, "human-voice": 0.9260673938888313, "dog": 0.03661542234649463}}}