{"fine": {"micro_auprc": 0.0, "micro_f1": 0.0, "macro_auprc": 0.0, "class_auprc": {"engine": 0.0, "machinery-impact": 0.0, "non-machinery-impact": 0.0, "powered-saw": 0.0, "alert-signal": 0.0, "music": 0.0, "human-voice": 0.0, "dog": 0.0}}, "coarse": {"micro_auprc": 0.817016502578503, "micro_f1": 0.7399317406143344, "macro_auprc": 0.6162824255457798, "class_auprc": {"engine": 0.8225311961752959, "machinery-impact": 0.616468014100567, "non-machinery-impact": 0.5108075816273888, "powered-saw": 0.6496749451928215, "alert-signal": 0.8669293189023461, "music": 0.41060838550037604, "human-voice": 0.9444779299398485, "dog": 0.10876203292759522}}}