{"fine": {"micro_auprc": 0.0, "micro_f1": 0.0, "macro_auprc": 0.0, "class_auprc": {"engine": 0.0, "machinery-impact": 0.0, "non-machinery-impact": 0.0, "powered-saw": 0.0, "alert-signal": 0.0, "music": 0.0, "human-voice": 0.0, "dog": 0.0}}, "coarse": {"micro_auprc": 0.8214020396841764, "micro_f1": 0.7452574525745258, "macro_auprc": 0.595725141718624, "class_auprc": {"engine": 0.8509438384419927, "machinery-impact": 0.5539804002281877, "non-machinery-impact": 0.510511120190373, "powered-saw": 0.6146214920231136, "alert-signal": 0.8486683151631386, "music": 0.32106212498257036, "human-voice": 0.949348525366226, "dog": 0.11666531735339075}}}