{"fine": {"micro_auprc": 0.0, "micro_f1": 0.0, "macro_auprc": 0.0, "class_auprc": {"engine": 0.0, "machinery-impact": 0.0, "non-machinery-impact": 0.0, "powered-saw": 0.0, "alert-signal": 0.0, "music": 0.0, "human-voice": 0.0, "dog": 0.0}}, "coarse": {"micro_auprc": 0.8241111272553164, "micro_f1": 0.7421718854097269, "macro_auprc": 0.6124690869299971, "class_auprc": {"engine": 0.8382987477370469, "machinery-impact": 0.6697817594219575, "non-machinery-impact": 0.5020574187555922, "powered-saw": 0.656313775629931, "alert-signal": 0.8637408901890198, "music": 0.36170944344209416, "human-voice": 0.9483585316317391, "dog": 0.059492128632596716}}}