{"fine": {"micro_auprc": 0.0, "micro_f1": 0.0, "macro_auprc": 0.0, "class_auprc": {"engine": 0.0, "machinery-impact": 0.0, "non-machinery-impact": 0.0, "powered-saw": 0.0, "alert-signal": 0.0, "music": 0.0, "human-voice": 0.0, "dog": 0.0}}, "coarse": {"micro_auprc": 0.8240294117280195, "micro_f1": 0.740094022834117, "macro_auprc": 0.6142594601168696, "class_auprc": {"engine": 0.8550539441634929, "machinery-impact": 0.613793464264628, "non-machinery-impact": 0.45594214406702477, "powered-saw": 0.6854609364756934, "alert-signal": 0.8663611466519432, "music": 0.3800756100866467, "human-voice": 0.9461791881029674, "dog": 0.11120924712255982}}}