{"fine": {"micro_auprc": 0.0, "micro_f1": 0.0, "macro_auprc": 0.0, "class_auprc": {"engine": 0.0, "machinery-impact": 0.0, "non-machinery-impact": 0.0, "powered-saw": 0.0, "alert-signal": 0.0, "music": 0.0, "human-voice": 0.0, "dog": 0.0}}, "coarse": {"micro_auprc": 0.8124245088960759, "micro_f1": 0.7364238410596027, "macro_auprc": 0.6113925686350263, "class_auprc": {"engine": 0.8267174708404069, "machinery-impact": 0.6150027133312683, "non-machinery-impact": 0.5253271171862638, "powered-saw": 0.6580040423814241, "alert-signal": 0.8547562544590581, "music": 0.32609641449308974, "human-voice": 0.9463537293763515, "dog": 0.13888280701234845}}}